{"cameraMode":{"drawMode":0,"name":"Shaded","section":"Shading Mode"},"sceneLighting":true,"audioPlay":false,"sceneViewState":{"showFog":true,"showMaterialUpdate":false,"showSkybox":false,"showFlares":true,"showImageEffects":true,"showParticleSystems":true},"in2DMode":false,"pivot":{"x":7.999117851257324,"y":90.14373016357422,"z":-24.11444854736328},"rotation":{"x":0.07007955014705658,"y":-0.9185575842857361,"z":0.18945273756980897,"w":0.3397789001464844},"size":256.4334716796875,"orthographic":false}