{"cameraMode":{"drawMode":0,"name":"Shaded","section":"Shading Mode"},"sceneLighting":true,"audioPlay":false,"sceneViewState":{"showFog":true,"showMaterialUpdate":false,"showSkybox":false,"showFlares":true,"showImageEffects":true,"showParticleSystems":true},"in2DMode":false,"pivot":{"x":88.2424545288086,"y":22.480981826782228,"z":39.92538070678711},"rotation":{"x":0.08032730221748352,"y":0.7173288464546204,"z":-0.0838746502995491,"w":0.6869879961013794},"size":27.114116668701173,"orthographic":false}