{"cameraMode":{"drawMode":0,"name":"Shaded","section":"Shading Mode"},"sceneLighting":false,"audioPlay":false,"sceneViewState":{"showFog":true,"showMaterialUpdate":false,"showSkybox":false,"showFlares":true,"showImageEffects":true,"showParticleSystems":true},"in2DMode":false,"pivot":{"x":-6.730000019073486,"y":24.040000915527345,"z":9.489999771118164},"rotation":{"x":-0.05815477669239044,"y":0.7086912989616394,"z":-0.05882053077220917,"w":-0.7006585001945496},"size":8.332091331481934,"orthographic":false}