{"cameraMode":{"drawMode":0,"name":"Shaded","section":"Shading Mode"},"sceneLighting":true,"audioPlay":false,"sceneViewState":{"showFog":true,"showMaterialUpdate":false,"showSkybox":false,"showFlares":true,"showImageEffects":true,"showParticleSystems":true},"in2DMode":false,"pivot":{"x":12.166281700134278,"y":29.680461883544923,"z":10.504427909851075},"rotation":{"x":0.04625895991921425,"y":0.6692826747894287,"z":-0.041816022247076038,"w":0.7403872013092041},"size":6.407260417938232,"orthographic":false}