{"cameraMode":{"drawMode":0,"name":"Shaded","section":"Shading Mode"},"sceneLighting":true,"audioPlay":false,"sceneViewState":{"showFog":true,"showMaterialUpdate":false,"showSkybox":false,"showFlares":true,"showImageEffects":true,"showParticleSystems":true},"in2DMode":false,"pivot":{"x":84.27617645263672,"y":-102.21495056152344,"z":-2.941692352294922},"rotation":{"x":0.07085848599672318,"y":0.7959647178649902,"z":-0.5936330556869507,"w":0.09500882029533386},"size":168.14561462402345,"orthographic":false}