{"cameraMode":{"drawMode":0,"name":"Shaded","section":"Shading Mode"},"sceneLighting":true,"audioPlay":false,"sceneViewState":{"showFog":true,"showMaterialUpdate":false,"showSkybox":false,"showFlares":true,"showImageEffects":true,"showParticleSystems":true},"in2DMode":false,"pivot":{"x":70.4800033569336,"y":44.410003662109378,"z":38.25},"rotation":{"x":0.04625895991921425,"y":0.6692826747894287,"z":-0.041816022247076038,"w":0.7403872013092041},"size":21.825824737548829,"orthographic":false}