{"cameraMode":{"drawMode":0,"name":"Shaded","section":"Shading Mode"},"sceneLighting":true,"audioPlay":false,"sceneViewState":{"showFog":true,"showMaterialUpdate":false,"showSkybox":false,"showFlares":true,"showImageEffects":true,"showParticleSystems":true},"in2DMode":false,"pivot":{"x":-3.2974090576171877,"y":28.75091552734375,"z":10.939777374267579},"rotation":{"x":-0.05030900612473488,"y":0.9302767515182495,"z":-0.1394650787115097,"w":-0.3355754315853119},"size":35.82023239135742,"orthographic":false}