{"cameraMode":{"drawMode":0,"name":"Shaded","section":"Shading Mode"},"sceneLighting":true,"audioPlay":false,"sceneViewState":{"showFog":true,"showMaterialUpdate":false,"showSkybox":false,"showFlares":true,"showImageEffects":true,"showParticleSystems":true},"in2DMode":false,"pivot":{"x":151.29541015625,"y":63.07820129394531,"z":-129.85736083984376},"rotation":{"x":0.07007955014705658,"y":-0.9185575842857361,"z":0.18945273756980897,"w":0.3397789001464844},"size":178.7837371826172,"orthographic":false}